FORMA PAGO;VENTA
Contado;26319.610000000004
Tarjeta;26855.469999999998
